"0","library(ggplot2)"
"0",""
"0","# Set the number of trials and the vector of possible successes"
"0","n <- 129  # total number of women"
"0","x <- 118  # number of women reported being happy"
"0",""
"0","# Create a data frame with possible values of theta and their likelihoods"
"0","theta_values <- seq(0, 1, by = 0.01)"
"0","likelihood <- dbinom(x, size = n, prob = theta_values)"
"0","data <- data.frame(theta = theta_values, likelihood = likelihood)"
"0",""
"0","# Create a histogram using ggplot2"
"0","ggplot(data, aes(x = theta, y = likelihood)) +"
"0","  geom_histogram(stat = ""identity"", fill = ""skyblue"", color = ""black"", bins = 30) +"
"0","  labs(title = ""Binomial Likelihood for Women Aged 65+"","
"0","       x = ""Proportion of Women Happy (Theta)"","
"0","       y = ""Likelihood"") +"
"0","  theme_minimal()"
"2","Warning: [38;5;232mIgnoring unknown parameters: `binwidth`, `bins`, and `pad`[39m"
