"0","summary(mod1)"
"1","$summary
"
"1","          "
"1","          mean"
"1","      se_mean"
"1","         sd"
"1","          2.5%"
"1","           25%"
"1","
alpha     "
"1"," -9.283957e-03"
"1"," 0.0004281518"
"1"," 0.02004021"
"1"," -4.962101e-02"
"1"," -2.278214e-02"
"1","
beta      "
"1","  2.427393e+00"
"1"," 0.0033364840"
"1"," 0.17694637"
"1","  2.093380e+00"
"1","  2.304643e+00"
"1","
theta[1]  "
"1","  1.719352e-01"
"1"," 0.0004956229"
"1"," 0.02442413"
"1","  1.241124e-01"
"1","  1.553787e-01"
"1","
theta[2]  "
"1","  1.462049e-01"
"1"," 0.0004781412"
"1"," 0.02340090"
"1","  9.981601e-02"
"1","  1.301344e-01"
"1","
theta[3]  "
"1","  5.564342e-01"
"1"," 0.0008933184"
"1"," 0.04653995"
"1","  4.686334e-01"
"1","  5.248500e-01"
"1","
theta[4]  "
"1","  3.083547e-01"
"1"," 0.0006145614"
"1"," 0.03120152"
"1","  2.477025e-01"
"1","  2.873778e-01"
"1","
theta[5]  "
"1","  3.780208e-01"
"1"," 0.0006871983"
"1"," 0.03524697"
"1","  3.104349e-01"
"1","  3.542265e-01"
"1","
theta[6]  "
"1","  3.979255e-01"
"1"," 0.0007089610"
"1"," 0.03645033"
"1","  3.281876e-01"
"1","  3.733932e-01"
"1","
theta[7]  "
"1","  5.930878e-01"
"1"," 0.0009379974"
"1"," 0.04896535"
"1","  5.004745e-01"
"1","  5.595695e-01"
"1","
theta[8]  "
"1","  6.057103e-01"
"1"," 0.0009535152"
"1"," 0.04980642"
"1","  5.114432e-01"
"1","  5.716205e-01"
"1","
theta[9]  "
"1"," -1.659578e-01"
"1"," 0.0004767820"
"1"," 0.02268016"
"1"," -2.114566e-01"
"1"," -1.809446e-01"
"1","
theta[10] "
"1","  1.099909e-02"
"1"," 0.0004289407"
"1"," 0.02015147"
"1"," -2.936798e-02"
"1"," -2.473321e-03"
"1","
theta[11] "
"1","  2.042195e-01"
"1"," 0.0005201341"
"1"," 0.02584360"
"1","  1.531949e-01"
"1","  1.866834e-01"
"1","
theta[12] "
"1","  3.741370e-01"
"1"," 0.0006829988"
"1"," 0.03501436"
"1","  3.069037e-01"
"1","  3.505868e-01"
"1","
theta[13] "
"1","  1.408646e-01"
"1"," 0.0004747624"
"1"," 0.02320188"
"1","  9.492143e-02"
"1","  1.249267e-01"
"1","
theta[14] "
"1","  1.974228e-01"
"1"," 0.0005147530"
"1"," 0.02553330"
"1","  1.473165e-01"
"1","  1.799879e-01"
"1","
theta[15] "
"1","  8.527730e-02"
"1"," 0.0004460227"
"1"," 0.02144250"
"1","  4.220873e-02"
"1","  7.025064e-02"
"1","
theta[16] "
"1","  2.617487e-01"
"1"," 0.0005697953"
"1"," 0.02867919"
"1","  2.053732e-01"
"1","  2.421618e-01"
"1","
theta[17] "
"1","  1.993647e-01"
"1"," 0.0005162789"
"1"," 0.02562136"
"1","  1.489766e-01"
"1","  1.818523e-01"
"1","
theta[18] "
"1","  3.405932e-02"
"1"," 0.0004318952"
"1"," 0.02040777"
"1"," -6.365887e-03"
"1","  2.026045e-02"
"1","
theta[19] "
"1","  4.925938e-01"
"1"," 0.0008170853"
"1"," 0.04238641"
"1","  4.123867e-01"
"1","  4.640004e-01"
"1","
theta[20] "
"1","  1.709643e-01"
"1"," 0.0004949285"
"1"," 0.02438368"
"1","  1.231689e-01"
"1","  1.543919e-01"
"1","
theta[21] "
"1","  4.838552e-01"
"1"," 0.0008068325"
"1"," 0.04182606"
"1","  4.043798e-01"
"1","  4.556123e-01"
"1","
theta[22] "
"1","  3.132095e-01"
"1"," 0.0006194195"
"1"," 0.03147373"
"1","  2.521137e-01"
"1","  2.920477e-01"
"1","
theta[23] "
"1","  2.855372e-01"
"1"," 0.0005922018"
"1"," 0.02994502"
"1","  2.272668e-01"
"1","  2.652371e-01"
"1","
theta[24] "
"1","  1.748481e-01"
"1"," 0.0004977216"
"1"," 0.02454631"
"1","  1.268478e-01"
"1","  1.582005e-01"
"1","
theta[25] "
"1","  5.037598e-01"
"1"," 0.0008302547"
"1"," 0.04310551"
"1","  4.224679e-01"
"1","  4.747129e-01"
"1","
theta[26] "
"1","  3.842862e-02"
"1"," 0.0004326986"
"1"," 0.02047153"
"1"," -1.996607e-03"
"1","  2.447860e-02"
"1","
theta[27] "
"1","  2.248524e-01"
"1"," 0.0005371350"
"1"," 0.02681968"
"1","  1.719845e-01"
"1","  2.067023e-01"
"1","
theta[28] "
"1","  3.085974e-01"
"1"," 0.0006148035"
"1"," 0.03121509"
"1","  2.479231e-01"
"1","  2.876065e-01"
"1","
theta[29] "
"1","  4.452596e-01"
"1"," 0.0007621641"
"1"," 0.03937908"
"1","  3.697091e-01"
"1","  4.184135e-01"
"1","
theta[30] "
"1","  5.993990e-01"
"1"," 0.0009457484"
"1"," 0.04938553"
"1","  5.059588e-01"
"1","  5.656550e-01"
"1","
theta[31] "
"1","  2.920911e-01"
"1"," 0.0005985415"
"1"," 0.03030192"
"1","  2.329361e-01"
"1","  2.716267e-01"
"1","
theta[32] "
"1","  4.185583e-01"
"1"," 0.0007319165"
"1"," 0.03771612"
"1","  3.462553e-01"
"1","  3.930928e-01"
"1","
theta[33] "
"1"," -1.307606e-01"
"1"," 0.0004580849"
"1"," 0.02159476"
"1"," -1.744907e-01"
"1"," -1.451861e-01"
"1","
theta[34] "
"1","  1.185326e-01"
"1"," 0.0004616306"
"1"," 0.02242376"
"1","  7.443763e-02"
"1","  1.030720e-01"
"1","
theta[35] "
"1","  2.923339e-01"
"1"," 0.0005987777"
"1"," 0.03031520"
"1","  2.331562e-01"
"1","  2.718715e-01"
"1","
theta[36] "
"1","  6.287705e-01"
"1"," 0.0009820233"
"1"," 0.05135001"
"1","  5.314406e-01"
"1","  5.937541e-01"
"1","
theta[37] "
"1","  1.000844e-01"
"1"," 0.0004520686"
"1"," 0.02185166"
"1","  5.654278e-02"
"1","  8.477308e-02"
"1","
theta[38] "
"1","  2.406304e-01"
"1"," 0.0005507672"
"1"," 0.02759813"
"1","  1.864237e-01"
"1","  2.218545e-01"
"1","
theta[39] "
"1"," -2.021260e-01"
"1"," 0.0004998665"
"1"," 0.02403096"
"1"," -2.493658e-01"
"1"," -2.181043e-01"
"1","
theta[40] "
"1","  3.634565e-01"
"1"," 0.0006715337"
"1"," 0.03437857"
"1","  2.971152e-01"
"1","  3.403629e-01"
"1","
theta[41] "
"1","  3.211740e-02"
"1"," 0.0004315628"
"1"," 0.02038096"
"1"," -8.273471e-03"
"1","  1.835633e-02"
"1","
theta[42] "
"1","  2.167961e-02"
"1"," 0.0004300388"
"1"," 0.02025324"
"1"," -1.865662e-02"
"1","  8.126782e-03"
"1","
theta[43] "
"1","  1.855286e-01"
"1"," 0.0005056137"
"1"," 0.02500463"
"1","  1.366924e-01"
"1","  1.684411e-01"
"1","
theta[44] "
"1","  7.508225e-02"
"1"," 0.0004424081"
"1"," 0.02118818"
"1","  3.266994e-02"
"1","  6.026008e-02"
"1","
theta[45] "
"1"," -3.560685e-02"
"1"," 0.0004296680"
"1"," 0.02005805"
"1"," -7.572177e-02"
"1"," -4.889038e-02"
"1","
theta[46] "
"1","  3.532614e-01"
"1"," 0.0006607084"
"1"," 0.03377727"
"1","  2.877694e-01"
"1","  3.307119e-01"
"1","
theta[47] "
"1"," -2.365950e-01"
"1"," 0.0005250494"
"1"," 0.02550604"
"1"," -2.868186e-01"
"1"," -2.534266e-01"
"1","
theta[48] "
"1"," -5.259860e-02"
"1"," 0.0004321586"
"1"," 0.02016676"
"1"," -9.286642e-02"
"1"," -6.586629e-02"
"1","
theta[49] "
"1","  1.398936e-01"
"1"," 0.0004741577"
"1"," 0.02316621"
"1","  9.403108e-02"
"1","  1.239168e-01"
"1","
theta[50] "
"1"," -1.261486e-01"
"1"," 0.0004559358"
"1"," 0.02147120"
"1"," -1.697282e-01"
"1"," -1.404042e-01"
"1","
theta[51] "
"1","  4.353073e-01"
"1"," 0.0007508227"
"1"," 0.03875616"
"1","  3.610818e-01"
"1","  4.090860e-01"
"1","
theta[52] "
"1","  2.933048e-01"
"1"," 0.0005997231"
"1"," 0.03036838"
"1","  2.340367e-01"
"1","  2.727499e-01"
"1","
theta[53] "
"1"," -8.925223e-02"
"1"," 0.0004414553"
"1"," 0.02065380"
"1"," -1.319161e-01"
"1"," -1.028158e-01"
"1","
theta[54] "
"1"," -1.727545e-01"
"1"," 0.0004808360"
"1"," 0.02291694"
"1"," -2.184837e-01"
"1"," -1.878273e-01"
"1","
theta[55] "
"1","  1.573709e-01"
"1"," 0.0004854886"
"1"," 0.02383221"
"1","  1.105356e-01"
"1","  1.411963e-01"
"1","
theta[56] "
"1","  1.663522e-01"
"1"," 0.0004916664"
"1"," 0.02419343"
"1","  1.187012e-01"
"1","  1.499339e-01"
"1","
theta[57] "
"1"," -2.013978e-01"
"1"," 0.0004993663"
"1"," 0.02400166"
"1"," -2.486001e-01"
"1"," -2.173456e-01"
"1","
theta[58] "
"1","  4.525418e-01"
"1"," 0.0007705107"
"1"," 0.03983707"
"1","  3.763636e-01"
"1","  4.254281e-01"
"1","
theta[59] "
"1"," -1.681425e-01"
"1"," 0.0004780701"
"1"," 0.02275536"
"1"," -2.137250e-01"
"1"," -1.831515e-01"
"1","
theta[60] "
"1"," -3.261657e-01"
"1"," 0.0006020613"
"1"," 0.02999130"
"1"," -3.862656e-01"
"1"," -3.462403e-01"
"1","
theta[61] "
"1"," -1.011923e-02"
"1"," 0.0004281558"
"1"," 0.02003795"
"1"," -5.041305e-02"
"1"," -2.363308e-02"
"1","
theta[62] "
"1"," -1.166818e-01"
"1"," 0.0004517545"
"1"," 0.02123200"
"1"," -1.598832e-01"
"1"," -1.306846e-01"
"1","
theta[63] "
"1","  1.163479e-01"
"1"," 0.0004604357"
"1"," 0.02235256"
"1","  7.225360e-02"
"1","  1.009119e-01"
"1","
theta[64] "
"1"," -1.038166e-01"
"1"," 0.0004465811"
"1"," 0.02093903"
"1"," -1.464829e-01"
"1"," -1.175256e-01"
"1","
theta[65] "
"1"," -2.098936e-01"
"1"," 0.0005052866"
"1"," 0.02434855"
"1"," -2.575788e-01"
"1"," -2.260877e-01"
"1","
theta[66] "
"1"," -2.363522e-01"
"1"," 0.0005248622"
"1"," 0.02549509"
"1"," -2.865433e-01"
"1"," -2.531760e-01"
"1","
theta[67] "
"1"," -3.227674e-01"
"1"," 0.0005988861"
"1"," 0.02980734"
"1"," -3.826300e-01"
"1"," -3.425417e-01"
"1","
theta[68] "
"1","  1.236301e-01"
"1"," 0.0004644822"
"1"," 0.02259341"
"1","  7.910974e-02"
"1","  1.080968e-01"
"1","
theta[69] "
"1","  3.289875e-01"
"1"," 0.0006354358"
"1"," 0.03236932"
"1","  2.660088e-01"
"1","  3.072249e-01"
"1","
theta[70] "
"1"," -3.390309e-01"
"1"," 0.0006142357"
"1"," 0.03069582"
"1"," -4.008894e-01"
"1"," -3.596555e-01"
"1","
theta[71] "
"1"," -2.310120e-01"
"1"," 0.0005207781"
"1"," 0.02525601"
"1"," -2.807265e-01"
"1"," -2.476820e-01"
"1","
theta[72] "
"1"," -2.727631e-01"
"1"," 0.0005543434"
"1"," 0.02721777"
"1"," -3.266359e-01"
"1"," -2.904390e-01"
"1","
theta[73] "
"1","  2.037341e-01"
"1"," 0.0005197460"
"1"," 0.02582124"
"1","  1.527691e-01"
"1","  1.861982e-01"
"1","
theta[74] "
"1","  2.976741e-01"
"1"," 0.0006039955"
"1"," 0.03060854"
"1","  2.379867e-01"
"1","  2.770563e-01"
"1","
theta[75] "
"1"," -5.992662e-03"
"1"," 0.0004281640"
"1"," 0.02005089"
"1"," -4.640814e-02"
"1"," -1.955586e-02"
"1","
theta[76] "
"1","  1.969374e-01"
"1"," 0.0005143730"
"1"," 0.02551136"
"1","  1.469014e-01"
"1","  1.795151e-01"
"1","
theta[77] "
"1","  6.415898e-02"
"1"," 0.0004389690"
"1"," 0.02094154"
"1","  2.234595e-02"
"1","  4.978350e-02"
"1","
theta[78] "
"1"," -5.672517e-02"
"1"," 0.0004329400"
"1"," 0.02020453"
"1"," -9.729721e-02"
"1"," -6.996438e-02"
"1","
theta[79] "
"1","  1.466903e-01"
"1"," 0.0004784527"
"1"," 0.02341923"
"1","  1.002617e-01"
"1","  1.306344e-01"
"1","
theta[80] "
"1","  1.855286e-01"
"1"," 0.0005056137"
"1"," 0.02500463"
"1","  1.366924e-01"
"1","  1.684411e-01"
"1","
theta[81] "
"1","  3.292302e-01"
"1"," 0.0006356848"
"1"," 0.03238322"
"1","  2.662111e-01"
"1","  3.074510e-01"
"1","
theta[82] "
"1"," -4.385999e-02"
"1"," 0.0004307309"
"1"," 0.02010139"
"1"," -8.376721e-02"
"1"," -5.714308e-02"
"1","
theta[83] "
"1"," -5.332682e-02"
"1"," 0.0004322915"
"1"," 0.02017310"
"1"," -9.368115e-02"
"1"," -6.660117e-02"
"1","
theta[84] "
"1","  4.442887e-01"
"1"," 0.0007610542"
"1"," 0.03931815"
"1","  3.688831e-01"
"1","  4.175202e-01"
"1","
theta[85] "
"1","  2.539811e-01"
"1"," 0.0005626972"
"1"," 0.02827662"
"1","  1.986595e-01"
"1","  2.346368e-01"
"1","
theta[86] "
"1"," -2.081945e-01"
"1"," 0.0005040878"
"1"," 0.02427830"
"1"," -2.557829e-01"
"1"," -2.242585e-01"
"1","
theta[87] "
"1"," -1.683852e-01"
"1"," 0.0004782141"
"1"," 0.02276377"
"1"," -2.139767e-01"
"1"," -1.833916e-01"
"1","
theta[88] "
"1"," -2.055702e-02"
"1"," 0.0004284504"
"1"," 0.02002535"
"1"," -6.055164e-02"
"1"," -3.391877e-02"
"1","
theta[89] "
"1"," -1.067295e-01"
"1"," 0.0004477002"
"1"," 0.02100205"
"1"," -1.494293e-01"
"1"," -1.204847e-01"
"1","
theta[90] "
"1","  1.624684e-01"
"1"," 0.0004889663"
"1"," 0.02403571"
"1","  1.150869e-01"
"1","  1.461866e-01"
"1","
theta[91] "
"1"," -2.353813e-01"
"1"," 0.0005241148"
"1"," 0.02545134"
"1"," -2.854395e-01"
"1"," -2.522051e-01"
"1","
theta[92] "
"1","  2.544666e-01"
"1"," 0.0005631376"
"1"," 0.02830162"
"1","  1.990798e-01"
"1","  2.351079e-01"
"1","
theta[93] "
"1"," -3.773837e-01"
"1"," 0.0006523724"
"1"," 0.03286535"
"1"," -4.423488e-01"
"1"," -3.994514e-01"
"1","
theta[94] "
"1"," -7.080404e-02"
"1"," 0.0004361177"
"1"," 0.02036635"
"1"," -1.119402e-01"
"1"," -8.408591e-02"
"1","
theta[95] "
"1"," -8.803853e-02"
"1"," 0.0004410640"
"1"," 0.02063232"
"1"," -1.306785e-01"
"1"," -1.015647e-01"
"1","
theta[96] "
"1"," -1.574620e-01"
"1"," 0.0004719100"
"1"," 0.02239608"
"1"," -2.024473e-01"
"1"," -1.722384e-01"
"1","
theta[97] "
"1"," -2.819872e-01"
"1"," 0.0005622315"
"1"," 0.02767758"
"1"," -3.370626e-01"
"1"," -3.000961e-01"
"1","
theta[98] "
"1"," -1.601321e-01"
"1"," 0.0004734174"
"1"," 0.02248391"
"1"," -2.052799e-01"
"1"," -1.748671e-01"
"1","
"
"1","          "
"1","           50%"
"1","           75%"
"1","         97.5%"
"1","    n_eff"
"1","      Rhat"
"1","
alpha     "
"1"," -8.792832e-03"
"1","  3.938545e-03"
"1","  2.945618e-02"
"1"," 2190.831"
"1"," 1.0008481"
"1","
beta      "
"1","  2.421385e+00"
"1","  2.550509e+00"
"1","  2.770248e+00"
"1"," 2812.582"
"1"," 0.9995659"
"1","
theta[1]  "
"1","  1.724772e-01"
"1","  1.881085e-01"
"1","  2.195834e-01"
"1"," 2428.486"
"1"," 1.0001248"
"1","
theta[2]  "
"1","  1.468903e-01"
"1","  1.617107e-01"
"1","  1.917866e-01"
"1"," 2395.261"
"1"," 1.0002218"
"1","
theta[3]  "
"1","  5.555764e-01"
"1","  5.893486e-01"
"1","  6.452655e-01"
"1"," 2714.184"
"1"," 0.9995425"
"1","
theta[4]  "
"1","  3.080965e-01"
"1","  3.303187e-01"
"1","  3.696617e-01"
"1"," 2577.632"
"1"," 0.9997683"
"1","
theta[5]  "
"1","  3.775323e-01"
"1","  4.026101e-01"
"1","  4.454745e-01"
"1"," 2630.749"
"1"," 0.9996685"
"1","
theta[6]  "
"1","  3.975975e-01"
"1","  4.232340e-01"
"1","  4.674100e-01"
"1"," 2643.372"
"1"," 0.9996469"
"1","
theta[7]  "
"1","  5.918935e-01"
"1","  6.274683e-01"
"1","  6.856893e-01"
"1"," 2725.049"
"1"," 0.9995295"
"1","
theta[8]  "
"1","  6.045448e-01"
"1","  6.404700e-01"
"1","  7.001179e-01"
"1"," 2728.447"
"1"," 0.9995256"
"1","
theta[9]  "
"1"," -1.658268e-01"
"1"," -1.506366e-01"
"1"," -1.225861e-01"
"1"," 2262.834"
"1"," 1.0008716"
"1","
theta[10] "
"1","  1.137296e-02"
"1","  2.451599e-02"
"1","  5.065503e-02"
"1"," 2207.084"
"1"," 1.0007839"
"1","
theta[11] "
"1","  2.044407e-01"
"1","  2.215739e-01"
"1","  2.545548e-01"
"1"," 2468.740"
"1"," 1.0000168"
"1","
theta[12] "
"1","  3.736482e-01"
"1","  3.985684e-01"
"1","  4.412124e-01"
"1"," 2628.164"
"1"," 0.9996730"
"1","
theta[13] "
"1","  1.415484e-01"
"1","  1.562454e-01"
"1","  1.857608e-01"
"1"," 2388.326"
"1"," 1.0002430"
"1","
theta[14] "
"1","  1.977920e-01"
"1","  2.145873e-01"
"1","  2.472107e-01"
"1"," 2460.459"
"1"," 1.0000382"
"1","
theta[15] "
"1","  8.590646e-02"
"1","  9.964508e-02"
"1","  1.271029e-01"
"1"," 2311.197"
"1"," 1.0004798"
"1","
theta[16] "
"1","  2.614492e-01"
"1","  2.817836e-01"
"1","  3.185241e-01"
"1"," 2533.355"
"1"," 0.9998621"
"1","
theta[17] "
"1","  1.996630e-01"
"1","  2.165507e-01"
"1","  2.493424e-01"
"1"," 2462.837"
"1"," 1.0000320"
"1","
theta[18] "
"1","  3.451173e-02"
"1","  4.783483e-02"
"1","  7.347981e-02"
"1"," 2232.720"
"1"," 1.0006980"
"1","
theta[19] "
"1","  4.919515e-01"
"1","  5.225433e-01"
"1","  5.738226e-01"
"1"," 2691.030"
"1"," 0.9995732"
"1","
theta[20] "
"1","  1.715447e-01"
"1","  1.871828e-01"
"1","  2.185448e-01"
"1"," 2427.244"
"1"," 1.0001283"
"1","
theta[21] "
"1","  4.832393e-01"
"1","  5.133117e-01"
"1","  5.644020e-01"
"1"," 2687.368"
"1"," 0.9995784"
"1","
theta[22] "
"1","  3.129896e-01"
"1","  3.352561e-01"
"1","  3.749092e-01"
"1"," 2581.824"
"1"," 0.9997599"
"1","
theta[23] "
"1","  2.853418e-01"
"1","  3.067004e-01"
"1","  3.447886e-01"
"1"," 2556.877"
"1"," 0.9998111"
"1","
theta[24] "
"1","  1.753670e-01"
"1","  1.911335e-01"
"1","  2.227485e-01"
"1"," 2432.201"
"1"," 1.0001144"
"1","
theta[25] "
"1","  5.030309e-01"
"1","  5.340894e-01"
"1","  5.861674e-01"
"1"," 2695.522"
"1"," 0.9995669"
"1","
theta[26] "
"1","  3.887498e-02"
"1","  5.233285e-02"
"1","  7.801180e-02"
"1"," 2238.358"
"1"," 1.0006806"
"1","
theta[27] "
"1","  2.249802e-01"
"1","  2.430748e-01"
"1","  2.778899e-01"
"1"," 2493.104"
"1"," 0.9999559"
"1","
theta[28] "
"1","  3.083455e-01"
"1","  3.305566e-01"
"1","  3.699264e-01"
"1"," 2577.844"
"1"," 0.9997679"
"1","
theta[29] "
"1","  4.446732e-01"
"1","  4.728114e-01"
"1","  5.201561e-01"
"1"," 2669.526"
"1"," 0.9996048"
"1","
theta[30] "
"1","  5.981525e-01"
"1","  6.339111e-01"
"1","  6.930095e-01"
"1"," 2726.769"
"1"," 0.9995275"
"1","
theta[31] "
"1","  2.918036e-01"
"1","  3.134385e-01"
"1","  3.522043e-01"
"1"," 2563.018"
"1"," 0.9997982"
"1","
theta[32] "
"1","  4.181406e-01"
"1","  4.448724e-01"
"1","  4.900658e-01"
"1"," 2655.405"
"1"," 0.9996270"
"1","
theta[33] "
"1"," -1.305323e-01"
"1"," -1.162031e-01"
"1"," -8.955641e-02"
"1"," 2222.311"
"1"," 1.0009308"
"1","
theta[34] "
"1","  1.193358e-01"
"1","  1.333798e-01"
"1","  1.625065e-01"
"1"," 2359.543"
"1"," 1.0003353"
"1","
theta[35] "
"1","  2.920483e-01"
"1","  3.136997e-01"
"1","  3.524626e-01"
"1"," 2563.243"
"1"," 0.9997977"
"1","
theta[36] "
"1","  6.279312e-01"
"1","  6.648087e-01"
"1","  7.256121e-01"
"1"," 2734.245"
"1"," 0.9995193"
"1","
theta[37] "
"1","  1.006262e-01"
"1","  1.147192e-01"
"1","  1.424030e-01"
"1"," 2336.471"
"1"," 1.0004148"
"1","
theta[38] "
"1","  2.407134e-01"
"1","  2.595716e-01"
"1","  2.952382e-01"
"1"," 2510.863"
"1"," 0.9999135"
"1","
theta[39] "
"1"," -2.018267e-01"
"1"," -1.856112e-01"
"1"," -1.558830e-01"
"1"," 2311.183"
"1"," 1.0007914"
"1","
theta[40] "
"1","  3.630671e-01"
"1","  3.873909e-01"
"1","  4.294860e-01"
"1"," 2620.838"
"1"," 0.9996861"
"1","
theta[41] "
"1","  3.257400e-02"
"1","  4.586620e-02"
"1","  7.145048e-02"
"1"," 2230.290"
"1"," 1.0007057"
"1","
theta[42] "
"1","  2.204953e-02"
"1","  3.524847e-02"
"1","  6.092758e-02"
"1"," 2218.063"
"1"," 1.0007456"
"1","
theta[43] "
"1","  1.859455e-01"
"1","  2.021731e-01"
"1","  2.341552e-01"
"1"," 2445.701"
"1"," 1.0000774"
"1","
theta[44] "
"1","  7.580108e-02"
"1","  8.936475e-02"
"1","  1.163271e-01"
"1"," 2293.723"
"1"," 1.0005246"
"1","
theta[45] "
"1"," -3.507035e-02"
"1"," -2.220888e-02"
"1","  3.223045e-03"
"1"," 2179.272"
"1"," 1.0009113"
"1","
theta[46] "
"1","  3.529914e-01"
"1","  3.768840e-01"
"1","  4.182937e-01"
"1"," 2613.541"
"1"," 0.9996993"
"1","
theta[47] "
"1"," -2.364492e-01"
"1"," -2.192093e-01"
"1"," -1.869096e-01"
"1"," 2359.858"
"1"," 1.0007067"
"1","
theta[48] "
"1"," -5.201681e-02"
"1"," -3.905111e-02"
"1"," -1.368653e-02"
"1"," 2177.639"
"1"," 1.0009387"
"1","
theta[49] "
"1","  1.405896e-01"
"1","  1.553040e-01"
"1","  1.847618e-01"
"1"," 2387.066"
"1"," 1.0002469"
"1","
theta[50] "
"1"," -1.258218e-01"
"1"," -1.116409e-01"
"1"," -8.479539e-02"
"1"," 2217.712"
"1"," 1.0009365"
"1","
theta[51] "
"1","  4.347213e-01"
"1","  4.626469e-01"
"1","  5.086922e-01"
"1"," 2664.444"
"1"," 0.9996127"
"1","
theta[52] "
"1","  2.929972e-01"
"1","  3.147370e-01"
"1","  3.534958e-01"
"1"," 2564.140"
"1"," 0.9997959"
"1","
theta[53] "
"1"," -8.906095e-02"
"1"," -7.520610e-02"
"1"," -4.989185e-02"
"1"," 2188.902"
"1"," 1.0009607"
"1","
theta[54] "
"1"," -1.725355e-01"
"1"," -1.573848e-01"
"1"," -1.289123e-01"
"1"," 2271.535"
"1"," 1.0008577"
"1","
theta[55] "
"1","  1.579721e-01"
"1","  1.731675e-01"
"1","  2.036298e-01"
"1"," 2409.743"
"1"," 1.0001786"
"1","
theta[56] "
"1","  1.669748e-01"
"1","  1.823828e-01"
"1","  2.134238e-01"
"1"," 2421.330"
"1"," 1.0001451"
"1","
theta[57] "
"1"," -2.011059e-01"
"1"," -1.849235e-01"
"1"," -1.551810e-01"
"1"," 2310.170"
"1"," 1.0007932"
"1","
theta[58] "
"1","  4.521249e-01"
"1","  4.802026e-01"
"1","  5.284701e-01"
"1"," 2673.113"
"1"," 0.9995993"
"1","
theta[59] "
"1"," -1.680867e-01"
"1"," -1.528147e-01"
"1"," -1.245680e-01"
"1"," 2265.606"
"1"," 1.0008672"
"1","
theta[60] "
"1"," -3.259335e-01"
"1"," -3.055638e-01"
"1"," -2.681041e-01"
"1"," 2481.470"
"1"," 1.0004903"
"1","
theta[61] "
"1"," -9.621802e-03"
"1","  3.197450e-03"
"1","  2.859187e-02"
"1"," 2190.296"
"1"," 1.0008505"
"1","
theta[62] "
"1"," -1.165321e-01"
"1"," -1.023545e-01"
"1"," -7.616064e-02"
"1"," 2208.903"
"1"," 1.0009466"
"1","
theta[63] "
"1","  1.171459e-01"
"1","  1.311935e-01"
"1","  1.599866e-01"
"1"," 2356.765"
"1"," 1.0003446"
"1","
theta[64] "
"1"," -1.035740e-01"
"1"," -8.969380e-02"
"1"," -6.402674e-02"
"1"," 2198.429"
"1"," 1.0009562"
"1","
theta[65] "
"1"," -2.096508e-01"
"1"," -1.932657e-01"
"1"," -1.629072e-01"
"1"," 2322.044"
"1"," 1.0007728"
"1","
theta[66] "
"1"," -2.362104e-01"
"1"," -2.189808e-01"
"1"," -1.866795e-01"
"1"," 2359.513"
"1"," 1.0007073"
"1","
theta[67] "
"1"," -3.225779e-01"
"1"," -3.021497e-01"
"1"," -2.649344e-01"
"1"," 2477.183"
"1"," 1.0004979"
"1","
theta[68] "
"1","  1.243395e-01"
"1","  1.387241e-01"
"1","  1.679676e-01"
"1"," 2366.058"
"1"," 1.0003138"
"1","
theta[69] "
"1","  3.287864e-01"
"1","  3.515167e-01"
"1","  3.918712e-01"
"1"," 2594.919"
"1"," 0.9997343"
"1","
theta[70] "
"1"," -3.385806e-01"
"1"," -3.180788e-01"
"1"," -2.797572e-01"
"1"," 2497.401"
"1"," 1.0004620"
"1","
theta[71] "
"1"," -2.308522e-01"
"1"," -2.137146e-01"
"1"," -1.819302e-01"
"1"," 2351.927"
"1"," 1.0007206"
"1","
theta[72] "
"1"," -2.728290e-01"
"1"," -2.541809e-01"
"1"," -2.197244e-01"
"1"," 2410.724"
"1"," 1.0006164"
"1","
theta[73] "
"1","  2.039558e-01"
"1","  2.210822e-01"
"1","  2.540950e-01"
"1"," 2468.153"
"1"," 1.0000183"
"1","
theta[74] "
"1","  2.973435e-01"
"1","  3.192106e-01"
"1","  3.583088e-01"
"1"," 2568.135"
"1"," 0.9997876"
"1","
theta[75] "
"1"," -5.608482e-03"
"1","  7.216291e-03"
"1","  3.286024e-02"
"1"," 2193.043"
"1"," 1.0008385"
"1","
theta[76] "
"1","  1.973183e-01"
"1","  2.140406e-01"
"1","  2.466793e-01"
"1"," 2459.863"
"1"," 1.0000398"
"1","
theta[77] "
"1","  6.482355e-02"
"1","  7.843121e-02"
"1","  1.048226e-01"
"1"," 2275.880"
"1"," 1.0005723"
"1","
theta[78] "
"1"," -5.621146e-02"
"1"," -4.313235e-02"
"1"," -1.764219e-02"
"1"," 2177.921"
"1"," 1.0009437"
"1","
theta[79] "
"1","  1.473827e-01"
"1","  1.622121e-01"
"1","  1.923044e-01"
"1"," 2395.891"
"1"," 1.0002199"
"1","
theta[80] "
"1","  1.859455e-01"
"1","  2.021731e-01"
"1","  2.341552e-01"
"1"," 2445.701"
"1"," 1.0000774"
"1","
theta[81] "
"1","  3.290309e-01"
"1","  3.517727e-01"
"1","  3.921222e-01"
"1"," 2595.114"
"1"," 0.9997339"
"1","
theta[82] "
"1"," -4.334288e-02"
"1"," -3.040315e-02"
"1"," -4.671297e-03"
"1"," 2177.912"
"1"," 1.0009260"
"1","
theta[83] "
"1"," -5.273549e-02"
"1"," -3.973357e-02"
"1"," -1.440327e-02"
"1"," 2177.670"
"1"," 1.0009396"
"1","
theta[84] "
"1","  4.437166e-01"
"1","  4.718481e-01"
"1","  5.190385e-01"
"1"," 2669.039"
"1"," 0.9996055"
"1","
theta[85] "
"1","  2.537880e-01"
"1","  2.736145e-01"
"1","  3.096371e-01"
"1"," 2525.257"
"1"," 0.9998803"
"1","
theta[86] "
"1"," -2.079266e-01"
"1"," -1.915534e-01"
"1"," -1.612960e-01"
"1"," 2319.660"
"1"," 1.0007769"
"1","
theta[87] "
"1"," -1.683022e-01"
"1"," -1.530548e-01"
"1"," -1.247880e-01"
"1"," 2265.915"
"1"," 1.0008667"
"1","
theta[88] "
"1"," -2.014633e-02"
"1"," -7.204819e-03"
"1","  1.814552e-02"
"1"," 2184.536"
"1"," 1.0008782"
"1","
theta[89] "
"1"," -1.064874e-01"
"1"," -9.247986e-02"
"1"," -6.662907e-02"
"1"," 2200.640"
"1"," 1.0009545"
"1","
theta[90] "
"1","  1.631338e-01"
"1","  1.784333e-01"
"1","  2.090739e-01"
"1"," 2416.329"
"1"," 1.0001594"
"1","
theta[91] "
"1"," -2.352119e-01"
"1"," -2.180761e-01"
"1"," -1.857984e-01"
"1"," 2358.134"
"1"," 1.0007097"
"1","
theta[92] "
"1","  2.542768e-01"
"1","  2.741171e-01"
"1","  3.101908e-01"
"1"," 2525.769"
"1"," 0.9998791"
"1","
theta[93] "
"1"," -3.768001e-01"
"1"," -3.547789e-01"
"1"," -3.139163e-01"
"1"," 2537.964"
"1"," 1.0003830"
"1","
theta[94] "
"1"," -7.030401e-02"
"1"," -5.696627e-02"
"1"," -3.177949e-02"
"1"," 2180.816"
"1"," 1.0009559"
"1","
theta[95] "
"1"," -8.784367e-02"
"1"," -7.407418e-02"
"1"," -4.872876e-02"
"1"," 2188.228"
"1"," 1.0009608"
"1","
theta[96] "
"1"," -1.572084e-01"
"1"," -1.423755e-01"
"1"," -1.147484e-01"
"1"," 2252.298"
"1"," 1.0008880"
"1","
theta[97] "
"1"," -2.819043e-01"
"1"," -2.630021e-01"
"1"," -2.282781e-01"
"1"," 2423.405"
"1"," 1.0005938"
"1","
theta[98] "
"1"," -1.599178e-01"
"1"," -1.449458e-01"
"1"," -1.171913e-01"
"1"," 2255.565"
"1"," 1.0008830"
"1","
"
"1"," [ reached getOption(""max.print"") -- omitted 98 rows ]
"
"1","
"
"1","$c_summary
"
"1",", "
"1",", chains = chain:1"
"1","

"
"1","            stats
"
"1","parameter   "
"1","          mean"
"1","         sd"
"1","          2.5%"
"1","           25%"
"1","
  alpha     "
"1"," -9.321188e-03"
"1"," 0.01949850"
"1"," -4.937360e-02"
"1"," -2.186816e-02"
"1","
  beta      "
"1","  2.422259e+00"
"1"," 0.18613945"
"1","  2.086013e+00"
"1","  2.292474e+00"
"1","
  theta[1]  "
"1","  1.715148e-01"
"1"," 0.02468303"
"1","  1.235037e-01"
"1","  1.547008e-01"
"1","
  theta[2]  "
"1","  1.458388e-01"
"1"," 0.02352027"
"1","  9.905785e-02"
"1","  1.301226e-01"
"1","
  theta[3]  "
"1","  5.552006e-01"
"1"," 0.04872701"
"1","  4.660349e-01"
"1","  5.226673e-01"
"1","
  theta[4]  "
"1","  3.076457e-01"
"1"," 0.03219457"
"1","  2.464453e-01"
"1","  2.857281e-01"
"1","
  theta[5]  "
"1","  3.771646e-01"
"1"," 0.03659364"
"1","  3.081991e-01"
"1","  3.520460e-01"
"1","
  theta[6]  "
"1","  3.970271e-01"
"1"," 0.03789508"
"1","  3.263849e-01"
"1","  3.707684e-01"
"1","
  theta[7]  "
"1","  5.917768e-01"
"1"," 0.05131623"
"1","  4.980840e-01"
"1","  5.570500e-01"
"1","
  theta[8]  "
"1","  6.043725e-01"
"1"," 0.05221318"
"1","  5.089527e-01"
"1","  5.690535e-01"
"1","
  theta[9]  "
"1"," -1.656637e-01"
"1"," 0.02221376"
"1"," -2.094342e-01"
"1"," -1.802038e-01"
"1","
  theta[10] "
"1","  1.091896e-02"
"1"," 0.01966302"
"1"," -2.935856e-02"
"1"," -1.569820e-03"
"1","
  theta[11] "
"1","  2.037308e-01"
"1"," 0.02627910"
"1","  1.530998e-01"
"1","  1.853451e-01"
"1","
  theta[12] "
"1","  3.732890e-01"
"1"," 0.03634174"
"1","  3.046188e-01"
"1","  3.484241e-01"
"1","
  theta[13] "
"1","  1.405098e-01"
"1"," 0.02329262"
"1","  9.421412e-02"
"1","  1.250335e-01"
"1","
  theta[14] "
"1","  1.969485e-01"
"1"," 0.02593161"
"1","  1.471757e-01"
"1","  1.788026e-01"
"1","
  theta[15] "
"1","  8.504010e-02"
"1"," 0.02124926"
"1","  4.320134e-02"
"1","  7.045479e-02"
"1","
  theta[16] "
"1","  2.611384e-01"
"1"," 0.02942645"
"1","  2.052372e-01"
"1","  2.408198e-01"
"1","
  theta[17] "
"1","  1.988863e-01"
"1"," 0.02603030"
"1","  1.488683e-01"
"1","  1.806304e-01"
"1","
  theta[18] "
"1","  3.393043e-02"
"1"," 0.01999592"
"1"," -6.209244e-03"
"1","  2.071783e-02"
"1","
  theta[19] "
"1","  4.914952e-01"
"1"," 0.04428186"
"1","  4.107633e-01"
"1","  4.620599e-01"
"1","
  theta[20] "
"1","  1.705459e-01"
"1"," 0.02463728"
"1","  1.226368e-01"
"1","  1.538161e-01"
"1","
  theta[21] "
"1","  4.827751e-01"
"1"," 0.04368089"
"1","  4.033122e-01"
"1","  4.537880e-01"
"1","
  theta[22] "
"1","  3.124903e-01"
"1"," 0.03249196"
"1","  2.505267e-01"
"1","  2.906619e-01"
"1","
  theta[23] "
"1","  2.848765e-01"
"1"," 0.03081863"
"1","  2.264339e-01"
"1","  2.636955e-01"
"1","
  theta[24] "
"1","  1.744215e-01"
"1"," 0.02482112"
"1","  1.261086e-01"
"1","  1.574781e-01"
"1","
  theta[25] "
"1","  5.026376e-01"
"1"," 0.04505260"
"1","  4.202842e-01"
"1","  4.730955e-01"
"1","
  theta[26] "
"1","  3.829049e-02"
"1"," 0.02007593"
"1"," -1.750070e-03"
"1","  2.502185e-02"
"1","
  theta[27] "
"1","  2.243200e-01"
"1"," 0.02736777"
"1","  1.718838e-01"
"1","  2.054009e-01"
"1","
  theta[28] "
"1","  3.078880e-01"
"1"," 0.03220940"
"1","  2.466494e-01"
"1","  2.859758e-01"
"1","
  theta[29] "
"1","  4.442612e-01"
"1"," 0.04105222"
"1","  3.692323e-01"
"1","  4.162618e-01"
"1","
  theta[30] "
"1","  5.980746e-01"
"1"," 0.05176438"
"1","  5.036519e-01"
"1","  5.631195e-01"
"1","
  theta[31] "
"1","  2.914166e-01"
"1"," 0.03121002"
"1","  2.324370e-01"
"1","  2.699754e-01"
"1","
  theta[32] "
"1","  4.176163e-01"
"1"," 0.03926123"
"1","  3.450620e-01"
"1","  3.907581e-01"
"1","
  theta[33] "
"1"," -1.305410e-01"
"1"," 0.02104436"
"1"," -1.725680e-01"
"1"," -1.441348e-01"
"1","
  theta[34] "
"1","  1.182251e-01"
"1"," 0.02239674"
"1","  7.424798e-02"
"1","  1.033782e-01"
"1","
  theta[35] "
"1","  2.916588e-01"
"1"," 0.03122457"
"1","  2.326710e-01"
"1","  2.702151e-01"
"1","
  theta[36] "
"1","  6.273840e-01"
"1"," 0.05385819"
"1","  5.283209e-01"
"1","  5.912064e-01"
"1","
  theta[37] "
"1","  9.981588e-02"
"1"," 0.02173073"
"1","  5.685988e-02"
"1","  8.474945e-02"
"1","
  theta[38] "
"1","  2.400647e-01"
"1"," 0.02823180"
"1","  1.860518e-01"
"1","  2.209898e-01"
"1","
  theta[39] "
"1"," -2.017554e-01"
"1"," 0.02367722"
"1"," -2.480059e-01"
"1"," -2.175282e-01"
"1","
  theta[40] "
"1","  3.626310e-01"
"1"," 0.03565268"
"1","  2.947732e-01"
"1","  3.387916e-01"
"1","
  theta[41] "
"1","  3.199262e-02"
"1"," 0.01996206"
"1"," -8.191099e-03"
"1","  1.875951e-02"
"1","
  theta[42] "
"1","  2.157690e-02"
"1"," 0.01979827"
"1"," -1.867935e-02"
"1","  8.751823e-03"
"1","
  theta[43] "
"1","  1.850794e-01"
"1"," 0.02533784"
"1","  1.363955e-01"
"1","  1.675819e-01"
"1","
  theta[44] "
"1","  7.486661e-02"
"1"," 0.02094712"
"1","  3.383985e-02"
"1","  6.070938e-02"
"1","
  theta[45] "
"1"," -3.558842e-02"
"1"," 0.01946905"
"1"," -7.487406e-02"
"1"," -4.791978e-02"
"1","
  theta[46] "
"1","  3.524575e-01"
"1"," 0.03500015"
"1","  2.858789e-01"
"1","  3.288689e-01"
"1","
  theta[47] "
"1"," -2.361515e-01"
"1"," 0.02527710"
"1"," -2.861723e-01"
"1"," -2.522736e-01"
"1","
  theta[48] "
"1"," -5.254423e-02"
"1"," 0.01956095"
"1"," -9.141948e-02"
"1"," -6.510266e-02"
"1","
  theta[49] "
"1","  1.395409e-01"
"1"," 0.02325177"
"1","  9.336378e-02"
"1","  1.241204e-01"
"1","
  theta[50] "
"1"," -1.259387e-01"
"1"," 0.02091211"
"1"," -1.678107e-01"
"1"," -1.397774e-01"
"1","
  theta[51] "
"1","  4.343299e-01"
"1"," 0.04038182"
"1","  3.602234e-01"
"1","  4.065767e-01"
"1","
  theta[52] "
"1","  2.926277e-01"
"1"," 0.03128284"
"1","  2.334955e-01"
"1","  2.711738e-01"
"1","
  theta[53] "
"1"," -8.912035e-02"
"1"," 0.02004822"
"1"," -1.294248e-01"
"1"," -1.027362e-01"
"1","
  theta[54] "
"1"," -1.724461e-01"
"1"," 0.02246993"
"1"," -2.164984e-01"
"1"," -1.871551e-01"
"1","
  theta[55] "
"1","  1.569812e-01"
"1"," 0.02401187"
"1","  1.099758e-01"
"1","  1.409128e-01"
"1","
  theta[56] "
"1","  1.659436e-01"
"1"," 0.02442190"
"1","  1.182744e-01"
"1","  1.495052e-01"
"1","
  theta[57] "
"1"," -2.010287e-01"
"1"," 0.02364544"
"1"," -2.472102e-01"
"1"," -2.168292e-01"
"1","
  theta[58] "
"1","  4.515279e-01"
"1"," 0.04154479"
"1","  3.758242e-01"
"1","  4.233328e-01"
"1","
  theta[59] "
"1"," -1.678438e-01"
"1"," 0.02229510"
"1"," -2.116950e-01"
"1"," -1.824296e-01"
"1","
  theta[60] "
"1"," -3.255329e-01"
"1"," 0.03012954"
"1"," -3.854926e-01"
"1"," -3.453889e-01"
"1","
  theta[61] "
"1"," -1.015469e-02"
"1"," 0.01949435"
"1"," -5.024413e-02"
"1"," -2.263297e-02"
"1","
  theta[62] "
"1"," -1.164919e-01"
"1"," 0.02065697"
"1"," -1.580002e-01"
"1"," -1.299584e-01"
"1","
  theta[63] "
"1","  1.160450e-01"
"1"," 0.02231423"
"1","  7.212947e-02"
"1","  1.010443e-01"
"1","
  theta[64] "
"1"," -1.036539e-01"
"1"," 0.02034665"
"1"," -1.442616e-01"
"1"," -1.172917e-01"
"1","
  theta[65] "
"1"," -2.095066e-01"
"1"," 0.02402167"
"1"," -2.575045e-01"
"1"," -2.254442e-01"
"1","
  theta[66] "
"1"," -2.359093e-01"
"1"," 0.02526522"
"1"," -2.859223e-01"
"1"," -2.520375e-01"
"1","
  theta[67] "
"1"," -3.221417e-01"
"1"," 0.02993103"
"1"," -3.815336e-01"
"1"," -3.417956e-01"
"1","
  theta[68] "
"1","  1.233118e-01"
"1"," 0.02259293"
"1","  7.880799e-02"
"1","  1.084956e-01"
"1","
  theta[69] "
"1","  3.282349e-01"
"1"," 0.03346883"
"1","  2.643128e-01"
"1","  3.062590e-01"
"1","
  theta[70] "
"1"," -3.383708e-01"
"1"," 0.03088939"
"1"," -3.998113e-01"
"1"," -3.592111e-01"
"1","
  theta[71] "
"1"," -2.305803e-01"
"1"," 0.02500596"
"1"," -2.804223e-01"
"1"," -2.468436e-01"
"1","
  theta[72] "
"1"," -2.722432e-01"
"1"," 0.02713185"
"1"," -3.248613e-01"
"1"," -2.891138e-01"
"1","
  theta[73] "
"1","  2.032464e-01"
"1"," 0.02625409"
"1","  1.526767e-01"
"1","  1.848789e-01"
"1","
  theta[74] "
"1","  2.969878e-01"
"1"," 0.03154590"
"1","  2.372366e-01"
"1","  2.754198e-01"
"1","
  theta[75] "
"1"," -6.036853e-03"
"1"," 0.01951686"
"1"," -4.633790e-02"
"1"," -1.860745e-02"
"1","
  theta[76] "
"1","  1.964640e-01"
"1"," 0.02590701"
"1","  1.467525e-01"
"1","  1.783399e-01"
"1","
  theta[77] "
"1","  6.396644e-02"
"1"," 0.02065136"
"1","  2.345143e-02"
"1","  5.015568e-02"
"1","
  theta[78] "
"1"," -5.666207e-02"
"1"," 0.01959629"
"1"," -9.569770e-02"
"1"," -6.923060e-02"
"1","
  theta[79] "
"1","  1.463233e-01"
"1"," 0.02354121"
"1","  9.952766e-02"
"1","  1.305695e-01"
"1","
  theta[80] "
"1","  1.850794e-01"
"1"," 0.02533784"
"1","  1.363955e-01"
"1","  1.675819e-01"
"1","
  theta[81] "
"1","  3.284772e-01"
"1"," 0.03348398"
"1","  2.645332e-01"
"1","  3.065082e-01"
"1","
  theta[82] "
"1"," -4.382410e-02"
"1"," 0.01950287"
"1"," -8.272354e-02"
"1"," -5.624110e-02"
"1","
  theta[83] "
"1"," -5.327091e-02"
"1"," 0.01956682"
"1"," -9.219255e-02"
"1"," -6.583098e-02"
"1","
  theta[84] "
"1","  4.432923e-01"
"1"," 0.04098667"
"1","  3.683534e-01"
"1","  4.152934e-01"
"1","
  theta[85] "
"1","  2.533871e-01"
"1"," 0.02898224"
"1","  1.983672e-01"
"1","  2.335810e-01"
"1","
  theta[86] "
"1"," -2.078111e-01"
"1"," 0.02394548"
"1"," -2.554495e-01"
"1"," -2.237073e-01"
"1","
  theta[87] "
"1"," -1.680860e-01"
"1"," 0.02230419"
"1"," -2.119462e-01"
"1"," -1.826882e-01"
"1","
  theta[88] "
"1"," -2.057041e-02"
"1"," 0.01946027"
"1"," -6.055547e-02"
"1"," -3.290817e-02"
"1","
  theta[89] "
"1"," -1.065606e-01"
"1"," 0.02041315"
"1"," -1.471807e-01"
"1"," -1.200696e-01"
"1","
  theta[90] "
"1","  1.620679e-01"
"1"," 0.02424304"
"1","  1.148047e-01"
"1","  1.458349e-01"
"1","
  theta[91] "
"1"," -2.349404e-01"
"1"," 0.02521779"
"1"," -2.849223e-01"
"1"," -2.510932e-01"
"1","
  theta[92] "
"1","  2.538716e-01"
"1"," 0.02900985"
"1","  1.987966e-01"
"1","  2.340879e-01"
"1","
  theta[93] "
"1"," -3.766425e-01"
"1"," 0.03322541"
"1"," -4.411383e-01"
"1"," -3.985833e-01"
"1","
  theta[94] "
"1"," -7.071118e-02"
"1"," 0.01975455"
"1"," -1.098261e-01"
"1"," -8.372308e-02"
"1","
  theta[95] "
"1"," -8.790922e-02"
"1"," 0.02002596"
"1"," -1.281118e-01"
"1"," -1.014735e-01"
"1","
  theta[96] "
"1"," -1.571858e-01"
"1"," 0.02190678"
"1"," -2.004651e-01"
"1"," -1.715035e-01"
"1","
  theta[97] "
"1"," -2.814477e-01"
"1"," 0.02762951"
"1"," -3.356732e-01"
"1"," -2.986755e-01"
"1","
  theta[98] "
"1"," -1.598503e-01"
"1"," 0.02200164"
"1"," -2.033354e-01"
"1"," -1.742369e-01"
"1","
  theta[99] "
"1"," -9.008925e-02"
"1"," 0.02006632"
"1"," -1.304752e-01"
"1"," -1.037314e-01"
"1","
  theta[100]"
"1","  3.456752e-01"
"1"," 0.03456812"
"1","  2.801817e-01"
"1","  3.225283e-01"
"1","
  theta[101]"
"1"," -9.226929e-02"
"1"," 0.02010799"
"1"," -1.328385e-01"
"1"," -1.059413e-01"
"1","
  theta[102]"
"1"," -1.174608e-01"
"1"," 0.02068211"
"1"," -1.590064e-01"
"1"," -1.310140e-01"
"1","
  theta[103]"
"1","  6.905319e-02"
"1"," 0.02078570"
"1","  2.849043e-02"
"1","  5.528460e-02"
"1","
  theta[104]"
"1"," -2.632808e-01"
"1"," 0.02665639"
"1"," -3.147777e-01"
"1"," -2.796107e-01"
"1","
  theta[105]"
"1"," -9.541822e-02"
"1"," 0.02017049"
"1"," -1.360877e-01"
"1"," -1.091185e-01"
"1","
  theta[106]"
"1"," -2.080533e-01"
"1"," 0.02395634"
"1"," -2.557472e-01"
"1"," -2.239597e-01"
"1","
  theta[107]"
"1","  2.374002e-01"
"1"," 0.02808379"
"1","  1.836169e-01"
"1","  2.182112e-01"
"1","
  theta[108]"
"1"," -7.531347e-02"
"1"," 0.01981891"
"1"," -1.146959e-01"
"1"," -8.845623e-02"
"1","
  theta[109]"
"1"," -1.145541e-01"
"1"," 0.02060740"
"1"," -1.558939e-01"
"1"," -1.280003e-01"
"1","
  theta[110]"
"1"," -1.719616e-01"
"1"," 0.02245133"
"1"," -2.159761e-01"
"1"," -1.866712e-01"
"1","
  theta[111]"
"1"," -2.453561e-01"
"1"," 0.02573443"
"1"," -2.955605e-01"
"1"," -2.611540e-01"
"1","
  theta[112]"
"1"," -1.659060e-01"
"1"," 0.02222275"
"1"," -2.096854e-01"
"1"," -1.804574e-01"
"1","
  theta[113]"
"1"," -2.247669e-01"
"1"," 0.02472775"
"1"," -2.745719e-01"
"1"," -2.410337e-01"
"1","
  theta[114]"
"1"," -3.521777e-01"
"1"," 0.03172053"
"1"," -4.150147e-01"
"1"," -3.734525e-01"
"1","
  theta[115]"
"1"," -1.683282e-01"
"1"," 0.02231330"
"1"," -2.121975e-01"
"1"," -1.829467e-01"
"1","
  theta[116]"
"1"," -1.714772e-01"
"1"," 0.02243278"
"1"," -2.154543e-01"
"1"," -1.861873e-01"
"1","
  theta[117]"
"1"," -2.128978e-01"
"1"," 0.02417545"
"1"," -2.614845e-01"
"1"," -2.287729e-01"
"1","
  theta[118]"
"1","  3.011056e-01"
"1"," 0.03179559"
"1","  2.407699e-01"
"1","  2.792258e-01"
"1","
  theta[119]"
"1"," -2.250091e-01"
"1"," 0.02473924"
"1"," -2.748244e-01"
"1"," -2.412767e-01"
"1","
  theta[120]"
"1"," -7.725128e-02"
"1"," 0.01984783"
"1"," -1.166969e-01"
"1"," -9.035306e-02"
"1","
  theta[121]"
"1","  1.797504e-01"
"1"," 0.02507746"
"1","  1.313276e-01"
"1","  1.625545e-01"
"1","
  theta[122]"
"1"," -1.765639e-01"
"1"," 0.02262991"
"1"," -2.209204e-01"
"1"," -1.913520e-01"
"1","
  theta[123]"
"1"," -1.363544e-01"
"1"," 0.02121867"
"1"," -1.785730e-01"
"1"," -1.502413e-01"
"1","
  theta[124]"
"1"," -1.620304e-01"
"1"," 0.02208037"
"1"," -2.056661e-01"
"1"," -1.764889e-01"
"1","
  theta[125]"
"1"," -2.275044e-02"
"1"," 0.01945730"
"1"," -6.261309e-02"
"1"," -3.490946e-02"
"1","
  theta[126]"
"1","  5.185515e-02"
"1"," 0.02035814"
"1","  1.075112e-02"
"1","  3.845786e-02"
"1","
  theta[127]"
"1","  2.439403e-01"
"1"," 0.02844835"
"1","  1.896374e-01"
"1","  2.246133e-01"
"1","
  theta[128]"
"1"," -5.811543e-02"
"1"," 0.01960996"
"1"," -9.698724e-02"
"1"," -7.091526e-02"
"1","
  theta[129]"
"1","  1.842797e-02"
"1"," 0.01975487"
"1"," -2.173797e-02"
"1","  5.728107e-03"
"1","
  theta[130]"
"1","  2.012355e-02"
"1"," 0.01977789"
"1"," -2.009102e-02"
"1","  7.373801e-03"
"1","
  theta[131]"
"1"," -5.448204e-02"
"1"," 0.01957695"
"1"," -9.348099e-02"
"1"," -6.713221e-02"
"1","
  theta[132]"
"1"," -7.846241e-02"
"1"," 0.01986645"
"1"," -1.179474e-01"
"1"," -9.151110e-02"
"1","
  theta[133]"
"1"," -2.184690e-01"
"1"," 0.02443201"
"1"," -2.676496e-01"
"1"," -2.346077e-01"
"1","
  theta[134]"
"1"," -2.635230e-01"
"1"," 0.02666912"
"1"," -3.150484e-01"
"1"," -2.798684e-01"
"1","
  theta[135]"
"1","  5.500408e-02"
"1"," 0.02043070"
"1","  1.401019e-02"
"1","  4.151727e-02"
"1","
  theta[136]"
"1"," -9.493377e-02"
"1"," 0.02016070"
"1"," -1.355955e-01"
"1"," -1.086672e-01"
"1","
  theta[137]"
"1"," -1.591236e-01"
"1"," 0.02197562"
"1"," -2.025526e-01"
"1"," -1.734907e-01"
"1","
  theta[138]"
"1"," -2.434183e-01"
"1"," 0.02563721"
"1"," -2.936055e-01"
"1"," -2.592583e-01"
"1","
  theta[139]"
"1"," -1.707505e-01"
"1"," 0.02240503"
"1"," -2.147095e-01"
"1"," -1.854615e-01"
"1","
  theta[140]"
"1"," -6.344440e-02"
"1"," 0.01966545"
"1"," -1.023077e-01"
"1"," -7.643339e-02"
"1","
"
"1","            stats
"
"1","parameter   "
"1","           50%"
"1","           75%"
"1","         97.5%"
"1","
  alpha     "
"1"," -9.124638e-03"
"1","  3.966016e-03"
"1","  2.747654e-02"
"1","
  beta      "
"1","  2.409624e+00"
"1","  2.550114e+00"
"1","  2.776129e+00"
"1","
  theta[1]  "
"1","  1.724261e-01"
"1","  1.874001e-01"
"1","  2.209004e-01"
"1","
  theta[2]  "
"1","  1.468696e-01"
"1","  1.607333e-01"
"1","  1.923100e-01"
"1","
  theta[3]  "
"1","  5.527917e-01"
"1","  5.881315e-01"
"1","  6.493456e-01"
"1","
  theta[4]  "
"1","  3.072152e-01"
"1","  3.285493e-01"
"1","  3.712840e-01"
"1","
  theta[5]  "
"1","  3.756866e-01"
"1","  4.015679e-01"
"1","  4.486310e-01"
"1","
  theta[6]  "
"1","  3.953688e-01"
"1","  4.222355e-01"
"1","  4.705889e-01"
"1","
  theta[7]  "
"1","  5.889123e-01"
"1","  6.257018e-01"
"1","  6.909914e-01"
"1","
  theta[8]  "
"1","  6.012088e-01"
"1","  6.386547e-01"
"1","  7.056075e-01"
"1","
  theta[9]  "
"1"," -1.655520e-01"
"1"," -1.511892e-01"
"1"," -1.214928e-01"
"1","
  theta[10] "
"1","  1.107512e-02"
"1","  2.490797e-02"
"1","  4.831733e-02"
"1","
  theta[11] "
"1","  2.044231e-01"
"1","  2.204419e-01"
"1","  2.560034e-01"
"1","
  theta[12] "
"1","  3.718682e-01"
"1","  3.974918e-01"
"1","  4.443465e-01"
"1","
  theta[13] "
"1","  1.415556e-01"
"1","  1.552759e-01"
"1","  1.865730e-01"
"1","
  theta[14] "
"1","  1.978210e-01"
"1","  2.134835e-01"
"1","  2.486195e-01"
"1","
  theta[15] "
"1","  8.616855e-02"
"1","  9.954994e-02"
"1","  1.266357e-01"
"1","
  theta[16] "
"1","  2.611021e-01"
"1","  2.808831e-01"
"1","  3.206490e-01"
"1","
  theta[17] "
"1","  1.996888e-01"
"1","  2.155863e-01"
"1","  2.507315e-01"
"1","
  theta[18] "
"1","  3.454670e-02"
"1","  4.788926e-02"
"1","  7.223173e-02"
"1","
  theta[19] "
"1","  4.898530e-01"
"1","  5.215477e-01"
"1","  5.773350e-01"
"1","
  theta[20] "
"1","  1.714616e-01"
"1","  1.863201e-01"
"1","  2.198444e-01"
"1","
  theta[21] "
"1","  4.812133e-01"
"1","  5.123010e-01"
"1","  5.676574e-01"
"1","
  theta[22] "
"1","  3.120324e-01"
"1","  3.336330e-01"
"1","  3.767335e-01"
"1","
  theta[23] "
"1","  2.844788e-01"
"1","  3.055389e-01"
"1","  3.467380e-01"
"1","
  theta[24] "
"1","  1.753085e-01"
"1","  1.904939e-01"
"1","  2.240683e-01"
"1","
  theta[25] "
"1","  5.006727e-01"
"1","  5.333604e-01"
"1","  5.896117e-01"
"1","
  theta[26] "
"1","  3.907639e-02"
"1","  5.225032e-02"
"1","  7.707824e-02"
"1","
  theta[27] "
"1","  2.247093e-01"
"1","  2.422072e-01"
"1","  2.789490e-01"
"1","
  theta[28] "
"1","  3.074523e-01"
"1","  3.287892e-01"
"1","  3.715438e-01"
"1","
  theta[29] "
"1","  4.427636e-01"
"1","  4.715966e-01"
"1","  5.243241e-01"
"1","
  theta[30] "
"1","  5.951166e-01"
"1","  6.321575e-01"
"1","  6.982995e-01"
"1","
  theta[31] "
"1","  2.911560e-01"
"1","  3.123309e-01"
"1","  3.537745e-01"
"1","
  theta[32] "
"1","  4.161874e-01"
"1","  4.439554e-01"
"1","  4.935233e-01"
"1","
  theta[33] "
"1"," -1.304309e-01"
"1"," -1.165672e-01"
"1"," -8.987402e-02"
"1","
  theta[34] "
"1","  1.193368e-01"
"1","  1.329107e-01"
"1","  1.627071e-01"
"1","
  theta[35] "
"1","  2.913952e-01"
"1","  3.125824e-01"
"1","  3.540327e-01"
"1","
  theta[36] "
"1","  6.243373e-01"
"1","  6.626964e-01"
"1","  7.313055e-01"
"1","
  theta[37] "
"1","  1.007143e-01"
"1","  1.144098e-01"
"1","  1.427693e-01"
"1","
  theta[38] "
"1","  2.403454e-01"
"1","  2.589758e-01"
"1","  2.976464e-01"
"1","
  theta[39] "
"1"," -2.017246e-01"
"1"," -1.863954e-01"
"1"," -1.538023e-01"
"1","
  theta[40] "
"1","  3.615538e-01"
"1","  3.864286e-01"
"1","  4.325643e-01"
"1","
  theta[41] "
"1","  3.264257e-02"
"1","  4.600386e-02"
"1","  7.034683e-02"
"1","
  theta[42] "
"1","  2.189565e-02"
"1","  3.547291e-02"
"1","  5.921340e-02"
"1","
  theta[43] "
"1","  1.858189e-01"
"1","  2.014795e-01"
"1","  2.356839e-01"
"1","
  theta[44] "
"1","  7.581451e-02"
"1","  8.944709e-02"
"1","  1.162714e-01"
"1","
  theta[45] "
"1"," -3.537859e-02"
"1"," -2.189390e-02"
"1","  1.476412e-03"
"1","
  theta[46] "
"1","  3.514370e-01"
"1","  3.758712e-01"
"1","  4.213176e-01"
"1","
  theta[47] "
"1"," -2.361116e-01"
"1"," -2.201274e-01"
"1"," -1.848386e-01"
"1","
  theta[48] "
"1"," -5.254491e-02"
"1"," -3.859753e-02"
"1"," -1.529375e-02"
"1","
  theta[49] "
"1","  1.406165e-01"
"1","  1.542702e-01"
"1","  1.855299e-01"
"1","
  theta[50] "
"1"," -1.257460e-01"
"1"," -1.117119e-01"
"1"," -8.557516e-02"
"1","
  theta[51] "
"1","  4.329018e-01"
"1","  4.613009e-01"
"1","  5.128438e-01"
"1","
  theta[52] "
"1","  2.923519e-01"
"1","  3.135886e-01"
"1","  3.550847e-01"
"1","
  theta[53] "
"1"," -8.846212e-02"
"1"," -7.553619e-02"
"1"," -5.066898e-02"
"1","
  theta[54] "
"1"," -1.726286e-01"
"1"," -1.578938e-01"
"1"," -1.275310e-01"
"1","
  theta[55] "
"1","  1.579422e-01"
"1","  1.720447e-01"
"1","  2.046228e-01"
"1","
  theta[56] "
"1","  1.669306e-01"
"1","  1.815273e-01"
"1","  2.148286e-01"
"1","
  theta[57] "
"1"," -2.009431e-01"
"1"," -1.857227e-01"
"1"," -1.531517e-01"
"1","
  theta[58] "
"1","  4.500070e-01"
"1","  4.792648e-01"
"1","  5.327243e-01"
"1","
  theta[59] "
"1"," -1.678547e-01"
"1"," -1.533301e-01"
"1"," -1.234552e-01"
"1","
  theta[60] "
"1"," -3.253154e-01"
"1"," -3.067546e-01"
"1"," -2.651746e-01"
"1","
  theta[61] "
"1"," -9.965614e-03"
"1","  3.205727e-03"
"1","  2.670369e-02"
"1","
  theta[62] "
"1"," -1.160617e-01"
"1"," -1.022192e-01"
"1"," -7.660857e-02"
"1","
  theta[63] "
"1","  1.171504e-01"
"1","  1.307149e-01"
"1","  1.604043e-01"
"1","
  theta[64] "
"1"," -1.030539e-01"
"1"," -8.976020e-02"
"1"," -6.463503e-02"
"1","
  theta[65] "
"1"," -2.094316e-01"
"1"," -1.938994e-01"
"1"," -1.608010e-01"
"1","
  theta[66] "
"1"," -2.358866e-01"
"1"," -2.198709e-01"
"1"," -1.846225e-01"
"1","
  theta[67] "
"1"," -3.218205e-01"
"1"," -3.035523e-01"
"1"," -2.622538e-01"
"1","
  theta[68] "
"1","  1.243308e-01"
"1","  1.382839e-01"
"1","  1.681754e-01"
"1","
  theta[69] "
"1","  3.273467e-01"
"1","  3.505860e-01"
"1","  3.945397e-01"
"1","
  theta[70] "
"1"," -3.379607e-01"
"1"," -3.190721e-01"
"1"," -2.764497e-01"
"1","
  theta[71] "
"1"," -2.307140e-01"
"1"," -2.147960e-01"
"1"," -1.798681e-01"
"1","
  theta[72] "
"1"," -2.716984e-01"
"1"," -2.551540e-01"
"1"," -2.177993e-01"
"1","
  theta[73] "
"1","  2.039413e-01"
"1","  2.199219e-01"
"1","  2.554784e-01"
"1","
  theta[74] "
"1","  2.966571e-01"
"1","  3.179006e-01"
"1","  3.598253e-01"
"1","
  theta[75] "
"1"," -5.800604e-03"
"1","  7.201610e-03"
"1","  3.092772e-02"
"1","
  theta[76] "
"1","  1.973392e-01"
"1","  2.129650e-01"
"1","  2.480915e-01"
"1","
  theta[77] "
"1","  6.487403e-02"
"1","  7.890698e-02"
"1","  1.044299e-01"
"1","
  theta[78] "
"1"," -5.626899e-02"
"1"," -4.273507e-02"
"1"," -1.919994e-02"
"1","
  theta[79] "
"1","  1.473530e-01"
"1","  1.611933e-01"
"1","  1.928315e-01"
"1","
  theta[80] "
"1","  1.858189e-01"
"1","  2.014795e-01"
"1","  2.356839e-01"
"1","
  theta[81] "
"1","  3.275833e-01"
"1","  3.508363e-01"
"1","  3.948075e-01"
"1","
  theta[82] "
"1"," -4.404096e-02"
"1"," -2.990295e-02"
"1"," -6.782329e-03"
"1","
  theta[83] "
"1"," -5.320210e-02"
"1"," -3.939446e-02"
"1"," -1.600771e-02"
"1","
  theta[84] "
"1","  4.417842e-01"
"1","  4.706034e-01"
"1","  5.232040e-01"
"1","
  theta[85] "
"1","  2.534573e-01"
"1","  2.728456e-01"
"1","  3.123879e-01"
"1","
  theta[86] "
"1"," -2.077942e-01"
"1"," -1.922495e-01"
"1"," -1.592517e-01"
"1","
  theta[87] "
"1"," -1.681058e-01"
"1"," -1.535690e-01"
"1"," -1.236784e-01"
"1","
  theta[88] "
"1"," -2.046859e-02"
"1"," -7.128783e-03"
"1","  1.686527e-02"
"1","
  theta[89] "
"1"," -1.061721e-01"
"1"," -9.249397e-02"
"1"," -6.743734e-02"
"1","
  theta[90] "
"1","  1.631611e-01"
"1","  1.775798e-01"
"1","  2.105855e-01"
"1","
  theta[91] "
"1"," -2.349865e-01"
"1"," -2.188345e-01"
"1"," -1.837580e-01"
"1","
  theta[92] "
"1","  2.539068e-01"
"1","  2.733748e-01"
"1","  3.129153e-01"
"1","
  theta[93] "
"1"," -3.751706e-01"
"1"," -3.561833e-01"
"1"," -3.100760e-01"
"1","
  theta[94] "
"1"," -7.002662e-02"
"1"," -5.658104e-02"
"1"," -3.256195e-02"
"1","
  theta[95] "
"1"," -8.728644e-02"
"1"," -7.441732e-02"
"1"," -4.957984e-02"
"1","
  theta[96] "
"1"," -1.569855e-01"
"1"," -1.428435e-01"
"1"," -1.139034e-01"
"1","
  theta[97] "
"1"," -2.806074e-01"
"1"," -2.642786e-01"
"1"," -2.261117e-01"
"1","
  theta[98] "
"1"," -1.596664e-01"
"1"," -1.454904e-01"
"1"," -1.162886e-01"
"1","
  theta[99] "
"1"," -8.943275e-02"
"1"," -7.641272e-02"
"1"," -5.156724e-02"
"1","
  theta[100]"
"1","  3.448204e-01"
"1","  3.688607e-01"
"1","  4.138198e-01"
"1","
  theta[101]"
"1"," -9.171758e-02"
"1"," -7.844461e-02"
"1"," -5.365934e-02"
"1","
  theta[102]"
"1"," -1.170254e-01"
"1"," -1.031328e-01"
"1"," -7.746880e-02"
"1","
  theta[103]"
"1","  7.007199e-02"
"1","  8.387438e-02"
"1","  1.100316e-01"
"1","
  theta[104]"
"1"," -2.629191e-01"
"1"," -2.464631e-01"
"1"," -2.095877e-01"
"1","
  theta[105]"
"1"," -9.489718e-02"
"1"," -8.166378e-02"
"1"," -5.669517e-02"
"1","
  theta[106]"
"1"," -2.080281e-01"
"1"," -1.924852e-01"
"1"," -1.594731e-01"
"1","
  theta[107]"
"1","  2.377722e-01"
"1","  2.562115e-01"
"1","  2.945225e-01"
"1","
  theta[108]"
"1"," -7.466370e-02"
"1"," -6.151161e-02"
"1"," -3.715395e-02"
"1","
  theta[109]"
"1"," -1.141483e-01"
"1"," -1.002948e-01"
"1"," -7.488809e-02"
"1","
  theta[110]"
"1"," -1.721214e-01"
"1"," -1.573907e-01"
"1"," -1.270353e-01"
"1","
  theta[111]"
"1"," -2.451321e-01"
"1"," -2.290618e-01"
"1"," -1.931493e-01"
"1","
  theta[112]"
"1"," -1.658137e-01"
"1"," -1.514239e-01"
"1"," -1.217097e-01"
"1","
  theta[113]"
"1"," -2.246198e-01"
"1"," -2.089339e-01"
"1"," -1.745575e-01"
"1","
  theta[114]"
"1"," -3.511957e-01"
"1"," -3.326268e-01"
"1"," -2.886463e-01"
"1","
  theta[115]"
"1"," -1.683723e-01"
"1"," -1.538080e-01"
"1"," -1.238829e-01"
"1","
  theta[116]"
"1"," -1.716253e-01"
"1"," -1.568876e-01"
"1"," -1.265395e-01"
"1","
  theta[117]"
"1"," -2.128768e-01"
"1"," -1.972213e-01"
"1"," -1.638995e-01"
"1","
  theta[118]"
"1","  3.006859e-01"
"1","  3.219111e-01"
"1","  3.642695e-01"
"1","
  theta[119]"
"1"," -2.248642e-01"
"1"," -2.091924e-01"
"1"," -1.747670e-01"
"1","
  theta[120]"
"1"," -7.661013e-02"
"1"," -6.331088e-02"
"1"," -3.906022e-02"
"1","
  theta[121]"
"1","  1.804404e-01"
"1","  1.961211e-01"
"1","  2.298761e-01"
"1","
  theta[122]"
"1"," -1.768995e-01"
"1"," -1.617767e-01"
"1"," -1.315299e-01"
"1","
  theta[123]"
"1"," -1.366474e-01"
"1"," -1.223552e-01"
"1"," -9.525496e-02"
"1","
  theta[124]"
"1"," -1.618407e-01"
"1"," -1.476541e-01"
"1"," -1.182402e-01"
"1","
  theta[125]"
"1"," -2.259655e-02"
"1"," -9.342527e-03"
"1","  1.478819e-02"
"1","
  theta[126]"
"1","  5.261184e-02"
"1","  6.616157e-02"
"1","  9.169620e-02"
"1","
  theta[127]"
"1","  2.441725e-01"
"1","  2.628892e-01"
"1","  3.020840e-01"
"1","
  theta[128]"
"1"," -5.761851e-02"
"1"," -4.408427e-02"
"1"," -2.054517e-02"
"1","
  theta[129]"
"1","  1.863533e-02"
"1","  3.241413e-02"
"1","  5.583519e-02"
"1","
  theta[130]"
"1","  2.038993e-02"
"1","  3.408146e-02"
"1","  5.765423e-02"
"1","
  theta[131]"
"1"," -5.429742e-02"
"1"," -4.066212e-02"
"1"," -1.719798e-02"
"1","
  theta[132]"
"1"," -7.782249e-02"
"1"," -6.456675e-02"
"1"," -4.025164e-02"
"1","
  theta[133]"
"1"," -2.182518e-01"
"1"," -2.027321e-01"
"1"," -1.689898e-01"
"1","
  theta[134]"
"1"," -2.631728e-01"
"1"," -2.467085e-01"
"1"," -2.098132e-01"
"1","
  theta[135]"
"1","  5.596985e-02"
"1","  6.948230e-02"
"1","  9.507441e-02"
"1","
  theta[136]"
"1"," -9.439312e-02"
"1"," -8.115600e-02"
"1"," -5.622812e-02"
"1","
  theta[137]"
"1"," -1.589344e-01"
"1"," -1.447580e-01"
"1"," -1.156381e-01"
"1","
  theta[138]"
"1"," -2.432471e-01"
"1"," -2.270663e-01"
"1"," -1.913988e-01"
"1","
  theta[139]"
"1"," -1.708811e-01"
"1"," -1.561601e-01"
"1"," -1.258674e-01"
"1","
  theta[140]"
"1"," -6.295076e-02"
"1"," -4.934046e-02"
"1"," -2.546800e-02"
"1","
"
"1","
"
"1"," [ reached getOption(""max.print"") -- omitted"
"1"," 56 row(s) and"
"1"," 3 matrix slice(s) ]
"
"1","
"
